train_id,train_name,direction,宮島口,阿品,阿品東,地御前,ＪＡ,宮内,廿市役,廿日市,山陽,楽々園,佐伯区,五日市,修大協,井口,商工,草津南,草津,古江,高須,東高須,西広島,福島町,西観音,観音町,天満町,小網町,土橋,十日市,本川町,ドーム,紙屋西,紙屋東,立町,八丁堀,胡町,銀山町,稲荷町,広島駅
40505,2 西広島,up,,,,,,,,,,,,,,,5:30,5:32,5:33,5:35,5:37,5:38,5:40,,,,,,,,,,,,,,,,,
20514,2 西広島,up,,,,,,,,,,,,,,,5:39,5:41,5:42,5:44,5:46,5:47,5:49,,,,,,,,,,,,,,,,,
20530,4 広島駅,up,,,,,,,,,,,,,,,5:55,5:57,5:58,6:00,6:02,6:03,6:06,6:08,6:09,6:10,6:12,6:14,6:16,6:18,6:19,6:21,6:25,6:26,6:27,6:28,6:30,6:31,6:33,6:36
20545,6 広島駅,up,5:45,5:48,5:49,5:52,5:53,5:55,5:56,5:58,6:00,6:02,6:03,6:05,6:07,6:09,6:10,6:12,6:13,6:15,6:17,6:18,6:21,6:23,6:24,6:25,6:27,6:29,6:31,6:33,6:34,6:36,6:40,6:41,6:42,6:43,6:45,6:46,6:48,6:51
20556,8 広島駅,up,,,,,,,,,,,,,,,6:21,6:23,6:24,6:26,6:28,6:29,6:32,6:34,6:35,6:36,6:38,6:40,6:42,6:44,6:45,6:47,6:51,6:52,6:53,6:54,6:56,6:57,6:59,7:02
20605,10 広島駅,up,6:05,6:08,6:09,6:12,6:13,6:15,6:16,6:18,6:20,6:22,6:23,6:25,6:27,6:29,6:30,6:32,6:33,6:35,6:37,6:38,6:41,6:43,6:44,6:45,6:47,6:49,6:51,6:53,6:54,6:56,7:00,7:02,7:03,7:04,7:06,7:07,7:09,7:12
20615,12 広島駅,up,,,,,6:23,6:25,6:26,6:28,6:30,6:32,6:33,6:35,6:37,6:39,6:40,6:42,6:43,6:45,6:47,6:48,6:51,6:53,6:54,6:55,6:57,6:59,7:01,7:03,7:05,7:07,7:11,7:13,7:14,7:15,7:17,7:18,7:20,7:23
20618,14 西広島,up,,,,,,,,,,,,,,,6:43,6:45,6:46,6:48,6:50,6:51,6:53,,,,,,,,,,,,,,,,,
20625,16 広島駅,up,6:25,6:28,6:29,6:32,6:33,6:35,6:36,6:38,6:40,6:42,6:43,6:45,6:47,6:49,6:50,6:52,6:53,6:55,6:57,6:58,7:01,7:04,7:05,7:07,7:09,7:11,7:13,7:15,7:17,7:19,7:23,7:25,7:26,7:27,7:29,7:30,7:32,7:35
20628,18 西広島,up,,,,,,,,,,,,,,,6:53,6:55,6:56,6:58,7:00,7:01,7:03,,,,,,,,,,,,,,,,,
20631,20 広電前,up,,,,,6:39,6:41,6:42,6:44,6:46,6:48,6:49,6:51,6:53,6:55,6:56,6:58,6:59,7:01,7:03,7:04,7:08,7:11,7:12,7:14,7:16,7:18,7:20,7:22,7:24,7:26,7:30,,,,,,,
20637,22 広島駅,up,6:37,6:40,6:41,6:44,6:45,6:47,6:48,6:50,6:52,6:54,6:55,6:57,6:59,7:01,7:02,7:04,7:05,7:07,7:09,7:10,7:13,7:16,7:17,7:19,7:21,7:23,7:25,7:27,7:29,7:31,7:35,7:37,7:38,7:39,7:41,7:42,7:44,7:47
20641,24 西広島,up,,,,,6:49,6:51,6:52,6:54,6:56,6:58,6:59,7:01,7:03,7:05,7:06,7:08,7:09,7:11,7:13,7:14,7:16,,,,,,,,,,,,,,,,,
20647,26 広島駅,up,6:47,6:50,6:51,6:54,6:55,6:57,6:58,7:00,7:02,7:04,7:05,7:07,7:09,7:11,7:12,7:14,7:15,7:17,7:19,7:20,7:23,7:26,7:27,7:29,7:31,7:33,7:35,7:37,7:39,7:41,7:45,7:47,7:48,7:49,7:51,7:52,7:54,7:57
20652,28 広電前,up,,,,,,,,7:05,7:07,7:09,7:10,7:12,7:14,7:16,7:17,7:19,7:20,7:22,7:24,7:25,7:28,7:31,7:32,7:34,7:36,7:38,7:40,7:42,7:44,7:46,7:50,,,,,,,
20656,30 広島駅,up,6:56,6:59,7:00,7:03,7:04,7:06,7:07,7:09,7:11,7:13,7:14,7:16,7:18,7:20,7:21,7:23,7:24,7:26,7:28,7:29,7:32,7:35,7:36,7:38,7:40,7:42,7:44,7:46,7:48,7:50,7:54,7:56,7:57,7:58,8:00,8:01,8:03,8:06
20659,32 西広島,up,,,,,7:07,7:09,7:10,7:12,7:14,7:16,7:17,7:19,7:21,7:23,7:24,7:26,7:27,7:29,7:31,7:32,7:34,,,,,,,,,,,,,,,,,
20701,34 広電前,up,,,,,,,,7:14,7:16,7:18,7:20,7:22,7:23,7:25,7:27,7:29,7:30,7:32,7:33,7:35,7:38,7:41,7:42,7:44,7:46,7:48,7:50,7:52,7:54,7:56,8:00,,,,,,,
20705,36 広島駅,up,7:05,7:08,7:10,7:12,7:14,7:15,7:17,7:18,7:20,7:22,7:24,7:26,7:27,7:29,7:31,7:33,7:34,7:36,7:37,7:39,7:42,7:45,7:46,7:48,7:50,7:52,7:54,7:56,7:58,8:00,8:04,8:06,8:07,8:08,8:10,8:11,8:13,8:16
20709,38 広電前,up,,,,,7:18,7:19,7:21,7:22,7:24,7:26,7:28,7:30,7:31,7:33,7:35,7:37,7:38,7:40,7:41,7:43,7:46,7:49,7:50,7:52,7:54,7:56,7:58,8:00,8:02,8:04,8:08,,,,,,,
20713,40 広島駅,up,7:13,7:16,7:18,7:20,7:22,7:23,7:25,7:26,7:28,7:30,7:32,7:34,7:35,7:37,7:39,7:41,7:42,7:44,7:45,7:47,7:50,7:53,7:54,7:56,7:58,8:00,8:02,8:04,8:06,8:08,8:12,8:14,8:15,8:16,8:18,8:19,8:21,8:24
20717,42 広電前,up,,,,,7:26,7:27,7:29,7:30,7:32,7:34,7:36,7:38,7:39,7:41,7:43,7:45,7:46,7:48,7:49,7:51,7:54,7:57,7:58,8:00,8:02,8:04,8:06,8:08,8:10,8:12,8:16,,,,,,,
20721,44 広島駅,up,7:21,7:24,7:26,7:28,7:30,7:31,7:33,7:34,7:36,7:38,7:40,7:42,7:43,7:45,7:47,7:49,7:50,7:52,7:53,7:55,7:58,8:01,8:02,8:04,8:06,8:08,8:10,8:12,8:14,8:16,8:20,8:22,8:23,8:24,8:26,8:27,8:29,8:32
20725,46 広電前,up,,,,,7:34,7:35,7:37,7:38,7:40,7:42,7:44,7:46,7:47,7:49,7:51,7:53,7:54,7:56,7:57,7:59,8:02,8:05,8:06,8:08,8:10,8:12,8:14,8:16,8:18,8:20,8:24,,,,,,,
20728,48 広島駅,up,7:28,7:31,7:33,7:35,7:37,7:38,7:40,7:41,7:43,7:45,7:47,7:49,7:50,7:52,7:54,7:56,7:57,7:59,8:00,8:02,8:05,8:08,8:09,8:11,8:13,8:15,8:17,8:19,8:21,8:23,8:27,8:29,8:30,8:31,8:33,8:34,8:36,8:39
20731,50 西広島,up,,,,,,,,,,,,,,,7:57,7:59,8:00,8:02,8:03,8:05,8:07,,,,,,,,,,,,,,,,,
20734,52 広電前,up,7:34,7:37,7:39,7:41,7:43,7:44,7:46,7:47,7:49,7:51,7:53,7:55,7:56,7:58,8:00,8:02,8:03,8:05,8:06,8:08,8:11,8:14,8:15,8:17,8:19,8:21,8:23,8:25,8:27,8:29,8:33,,,,,,,
20738,54 広島駅,up,7:38,7:41,7:43,7:45,7:47,7:48,7:50,7:51,7:53,7:55,7:57,7:59,8:00,8:02,8:04,8:06,8:07,8:09,8:10,8:12,8:15,8:18,8:19,8:21,8:23,8:25,8:27,8:29,8:31,8:33,8:37,8:39,8:40,8:41,8:43,8:44,8:46,8:49
20742,56 広電前,up,7:42,7:45,7:47,7:49,7:51,7:52,7:54,7:55,7:57,7:59,8:01,8:03,8:04,8:06,8:08,8:10,8:11,8:13,8:14,8:16,8:19,8:22,8:23,8:25,8:27,8:29,8:31,8:33,8:35,8:37,8:41,,,,,,,
20746,58 広島駅,up,7:46,7:49,7:51,7:53,7:55,7:56,7:58,7:59,8:01,8:03,8:05,8:07,8:08,8:10,8:12,8:14,8:15,8:17,8:18,8:20,8:23,8:26,8:27,8:29,8:31,8:33,8:35,8:37,8:39,8:41,8:45,8:47,8:48,8:49,8:51,8:52,8:54,8:57
20752,60 広島駅,up,7:52,7:55,7:57,7:59,8:01,8:02,8:04,8:05,8:07,8:09,8:11,8:13,8:14,8:16,8:18,8:20,8:21,8:23,8:24,8:26,8:29,8:32,8:33,8:35,8:37,8:39,8:41,8:43,8:45,8:47,8:51,8:53,8:54,8:55,8:57,8:58,9:00,9:03
20758,62 広島駅,up,7:58,8:01,8:03,8:05,8:07,8:08,8:10,8:11,8:13,8:15,8:17,8:19,8:20,8:22,8:24,8:26,8:27,8:29,8:30,8:32,8:35,8:38,8:39,8:41,8:43,8:45,8:47,8:49,8:51,8:53,8:57,8:59,9:00,9:01,9:03,9:04,9:06,9:09
20804,64 広島駅,up,8:04,8:07,8:09,8:11,8:13,8:14,8:16,8:17,8:19,8:21,8:23,8:25,8:26,8:28,8:30,8:32,8:33,8:35,8:36,8:38,8:41,8:44,8:45,8:47,8:49,8:51,8:53,8:55,8:57,8:59,9:03,9:04,9:05,9:06,9:08,9:09,9:11,9:14
20810,66 広島駅,up,8:10,8:13,8:15,8:17,8:19,8:20,8:22,8:23,8:25,8:27,8:29,8:31,8:32,8:34,8:36,8:38,8:39,8:41,8:42,8:44,8:47,8:50,8:51,8:53,8:55,8:57,8:59,9:01,9:02,9:04,9:08,9:09,9:10,9:11,9:13,9:14,9:16,9:19
20816,68 広島駅,up,8:16,8:19,8:21,8:23,8:25,8:26,8:28,8:29,8:31,8:33,8:35,8:37,8:38,8:40,8:42,8:44,8:45,8:47,8:48,8:50,8:53,8:56,8:57,8:59,9:01,9:03,9:05,9:07,9:08,9:10,9:14,9:15,9:16,9:17,9:19,9:20,9:22,9:25
20823,70 広島駅,up,8:23,8:26,8:28,8:30,8:32,8:33,8:35,8:36,8:38,8:40,8:42,8:44,8:45,8:47,8:49,8:51,8:52,8:54,8:55,8:57,9:00,9:02,9:03,9:04,9:06,9:08,9:10,9:12,9:13,9:15,9:19,9:20,9:21,9:22,9:24,9:25,9:27,9:30
20831,72 広島駅,up,8:31,8:34,8:36,8:38,8:40,8:41,8:43,8:44,8:46,8:48,8:50,8:52,8:53,8:55,8:57,8:59,9:00,9:02,9:03,9:05,9:08,9:10,9:11,9:12,9:14,9:16,9:18,9:20,9:21,9:23,9:27,9:28,9:29,9:30,9:32,9:33,9:35,9:38
20840,74 広島駅,up,8:40,8:43,8:45,8:47,8:49,8:50,8:52,8:53,8:55,8:57,8:59,9:01,9:02,9:04,9:06,9:08,9:09,9:11,9:12,9:14,9:17,9:19,9:20,9:21,9:23,9:25,9:27,9:29,9:30,9:32,9:36,9:37,9:38,9:39,9:41,9:42,9:44,9:47
20850,76 広島駅,up,8:50,8:53,8:55,8:57,8:59,9:00,9:02,9:03,9:05,9:07,9:09,9:11,9:12,9:14,9:16,9:18,9:19,9:21,9:22,9:24,9:27,9:29,9:30,9:31,9:33,9:35,9:37,9:39,9:40,9:42,9:46,9:47,9:48,9:49,9:51,9:52,9:54,9:57
20900,78 広島駅,up,9:00,9:03,9:05,9:07,9:09,9:10,9:12,9:13,9:15,9:17,9:19,9:21,9:22,9:24,9:26,9:28,9:29,9:31,9:32,9:34,9:37,9:39,9:40,9:41,9:43,9:45,9:47,9:49,9:50,9:52,9:56,9:57,9:58,9:59,10:01,10:02,10:04,10:07
20910,80 広島駅,up,9:10,9:13,9:14,9:17,9:18,9:20,9:21,9:23,9:25,9:27,9:28,9:30,9:32,9:34,9:35,9:37,9:38,9:40,9:42,9:43,9:46,9:48,9:49,9:50,9:52,9:54,9:56,9:58,9:59,10:01,10:05,10:06,10:07,10:08,10:10,10:11,10:13,10:16
20920,82 広島駅,up,9:20,9:23,9:24,9:27,9:28,9:30,9:31,9:33,9:35,9:37,9:38,9:40,9:42,9:44,9:45,9:47,9:48,9:50,9:52,9:53,9:56,9:58,9:59,10:00,10:02,10:04,10:06,10:08,10:09,10:11,10:15,10:16,10:17,10:18,10:20,10:21,10:23,10:26
20930,84 広島駅,up,9:30,9:33,9:34,9:37,9:38,9:40,9:41,9:43,9:45,9:47,9:48,9:50,9:52,9:54,9:55,9:57,9:58,10:00,10:02,10:03,10:06,10:08,10:09,10:10,10:12,10:14,10:16,10:18,10:19,10:21,10:25,10:26,10:27,10:28,10:30,10:31,10:33,10:36
20940,86 広島駅,up,9:40,9:43,9:44,9:47,9:48,9:50,9:51,9:53,9:55,9:57,9:58,10:00,10:02,10:04,10:05,10:07,10:08,10:10,10:12,10:13,10:16,10:18,10:19,10:20,10:22,10:24,10:26,10:28,10:29,10:31,10:35,10:36,10:37,10:38,10:40,10:41,10:43,10:46
20950,88 広島駅,up,9:50,9:53,9:54,9:57,9:58,10:00,10:01,10:03,10:05,10:07,10:08,10:10,10:12,10:14,10:15,10:17,10:18,10:20,10:22,10:23,10:26,10:28,10:29,10:30,10:32,10:34,10:36,10:38,10:39,10:41,10:45,10:46,10:47,10:48,10:50,10:51,10:53,10:56
21000,90 広島駅,up,10:00,10:03,10:04,10:07,10:08,10:10,10:11,10:13,10:15,10:17,10:18,10:20,10:22,10:24,10:25,10:27,10:28,10:30,10:32,10:33,10:36,10:38,10:39,10:40,10:42,10:44,10:46,10:48,10:49,10:51,10:55,10:56,10:57,10:58,11:00,11:01,11:03,11:06
21010,92 広島駅,up,10:10,10:13,10:14,10:17,10:18,10:20,10:21,10:23,10:25,10:27,10:28,10:30,10:32,10:34,10:35,10:37,10:38,10:40,10:42,10:43,10:46,10:48,10:49,10:50,10:52,10:54,10:56,10:58,10:59,11:01,11:05,11:06,11:07,11:08,11:10,11:11,11:13,11:16
21020,94 広島駅,up,10:20,10:23,10:24,10:27,10:28,10:30,10:31,10:33,10:35,10:37,10:38,10:40,10:42,10:44,10:45,10:47,10:48,10:50,10:52,10:53,10:56,10:58,10:59,11:00,11:02,11:04,11:06,11:08,11:09,11:11,11:15,11:16,11:17,11:18,11:20,11:21,11:23,11:26
21030,96 広島駅,up,10:30,10:33,10:34,10:37,10:38,10:40,10:41,10:43,10:45,10:47,10:48,10:50,10:52,10:54,10:55,10:57,10:58,11:00,11:02,11:03,11:06,11:08,11:09,11:10,11:12,11:14,11:16,11:18,11:19,11:21,11:25,11:26,11:27,11:28,11:30,11:31,11:33,11:36
21040,98 広島駅,up,10:40,10:43,10:44,10:47,10:48,10:50,10:51,10:53,10:55,10:57,10:58,11:00,11:02,11:04,11:05,11:07,11:08,11:10,11:12,11:13,11:16,11:18,11:19,11:20,11:22,11:24,11:26,11:28,11:29,11:31,11:35,11:36,11:37,11:38,11:40,11:41,11:43,11:46
21050,100 広島駅,up,10:50,10:53,10:54,10:57,10:58,11:00,11:01,11:03,11:05,11:07,11:08,11:10,11:12,11:14,11:15,11:17,11:18,11:20,11:22,11:23,11:26,11:28,11:29,11:30,11:32,11:34,11:36,11:38,11:39,11:41,11:45,11:46,11:47,11:48,11:50,11:51,11:53,11:56
21100,102 広島駅,up,11:00,11:03,11:04,11:07,11:08,11:10,11:11,11:13,11:15,11:17,11:18,11:20,11:22,11:24,11:25,11:27,11:28,11:30,11:32,11:33,11:36,11:38,11:39,11:40,11:42,11:44,11:46,11:48,11:49,11:51,11:55,11:56,11:57,11:58,12:00,12:01,12:03,12:06
21110,104 広島駅,up,11:10,11:13,11:14,11:17,11:18,11:20,11:21,11:23,11:25,11:27,11:28,11:30,11:32,11:34,11:35,11:37,11:38,11:40,11:42,11:43,11:46,11:48,11:49,11:50,11:52,11:54,11:56,11:58,11:59,12:01,12:05,12:06,12:07,12:08,12:10,12:11,12:13,12:16
21120,106 広島駅,up,11:20,11:23,11:24,11:27,11:28,11:30,11:31,11:33,11:35,11:37,11:38,11:40,11:42,11:44,11:45,11:47,11:48,11:50,11:52,11:53,11:56,11:58,11:59,12:00,12:02,12:04,12:06,12:08,12:09,12:11,12:15,12:16,12:17,12:18,12:20,12:21,12:23,12:26
21130,108 広島駅,up,11:30,11:33,11:34,11:37,11:38,11:40,11:41,11:43,11:45,11:47,11:48,11:50,11:52,11:54,11:55,11:57,11:58,12:00,12:02,12:03,12:06,12:08,12:09,12:10,12:12,12:14,12:16,12:18,12:19,12:21,12:25,12:26,12:27,12:28,12:30,12:31,12:33,12:36
21140,110 広島駅,up,11:40,11:43,11:44,11:47,11:48,11:50,11:51,11:53,11:55,11:57,11:58,12:00,12:02,12:04,12:05,12:07,12:08,12:10,12:12,12:13,12:16,12:18,12:19,12:20,12:22,12:24,12:26,12:28,12:29,12:31,12:35,12:36,12:37,12:38,12:40,12:41,12:43,12:46
21150,112 広島駅,up,11:50,11:53,11:54,11:57,11:58,12:00,12:01,12:03,12:05,12:07,12:08,12:10,12:12,12:14,12:15,12:17,12:18,12:20,12:22,12:23,12:26,12:28,12:29,12:30,12:32,12:34,12:36,12:38,12:39,12:41,12:45,12:46,12:47,12:48,12:50,12:51,12:53,12:56
21200,114 広島駅,up,12:00,12:03,12:04,12:07,12:08,12:10,12:11,12:13,12:15,12:17,12:18,12:20,12:22,12:24,12:25,12:27,12:28,12:30,12:32,12:33,12:36,12:38,12:39,12:40,12:42,12:44,12:46,12:48,12:49,12:51,12:55,12:56,12:57,12:58,13:00,13:01,13:03,13:06
21210,116 広島駅,up,12:10,12:13,12:14,12:17,12:18,12:20,12:21,12:23,12:25,12:27,12:28,12:30,12:32,12:34,12:35,12:37,12:38,12:40,12:42,12:43,12:46,12:48,12:49,12:50,12:52,12:54,12:56,12:58,12:59,13:01,13:05,13:06,13:07,13:08,13:10,13:11,13:13,13:16
21220,118 広島駅,up,12:20,12:23,12:24,12:27,12:28,12:30,12:31,12:33,12:35,12:37,12:38,12:40,12:42,12:44,12:45,12:47,12:48,12:50,12:52,12:53,12:56,12:58,12:59,13:00,13:02,13:04,13:06,13:08,13:09,13:11,13:15,13:16,13:17,13:18,13:20,13:21,13:23,13:26
21230,120 広島駅,up,12:30,12:33,12:34,12:37,12:38,12:40,12:41,12:43,12:45,12:47,12:48,12:50,12:52,12:54,12:55,12:57,12:58,13:00,13:02,13:03,13:06,13:08,13:09,13:10,13:12,13:14,13:16,13:18,13:19,13:21,13:25,13:26,13:27,13:28,13:30,13:31,13:33,13:36
21240,122 広島駅,up,12:40,12:43,12:44,12:47,12:48,12:50,12:51,12:53,12:55,12:57,12:58,13:00,13:02,13:04,13:05,13:07,13:08,13:10,13:12,13:13,13:16,13:18,13:19,13:20,13:22,13:24,13:26,13:28,13:29,13:31,13:35,13:36,13:37,13:38,13:40,13:41,13:43,13:46
21250,124 広島駅,up,12:50,12:53,12:54,12:57,12:58,13:00,13:01,13:03,13:05,13:07,13:08,13:10,13:12,13:14,13:15,13:17,13:18,13:20,13:22,13:23,13:26,13:28,13:29,13:30,13:32,13:34,13:36,13:38,13:39,13:41,13:45,13:46,13:47,13:48,13:50,13:51,13:53,13:56
21300,126 広島駅,up,13:00,13:03,13:04,13:07,13:08,13:10,13:11,13:13,13:15,13:17,13:18,13:20,13:22,13:24,13:25,13:27,13:28,13:30,13:32,13:33,13:36,13:38,13:39,13:40,13:42,13:44,13:46,13:48,13:49,13:51,13:55,13:56,13:57,13:58,14:00,14:01,14:03,14:06
21310,128 広島駅,up,13:10,13:13,13:14,13:17,13:18,13:20,13:21,13:23,13:25,13:27,13:28,13:30,13:32,13:34,13:35,13:37,13:38,13:40,13:42,13:43,13:46,13:48,13:49,13:50,13:52,13:54,13:56,13:58,13:59,14:01,14:05,14:06,14:07,14:08,14:10,14:11,14:13,14:16
21320,130 広島駅,up,13:20,13:23,13:24,13:27,13:28,13:30,13:31,13:33,13:35,13:37,13:38,13:40,13:42,13:44,13:45,13:47,13:48,13:50,13:52,13:53,13:56,13:58,13:59,14:00,14:02,14:04,14:06,14:08,14:09,14:11,14:15,14:16,14:17,14:18,14:20,14:21,14:23,14:26
21330,132 広島駅,up,13:30,13:33,13:34,13:37,13:38,13:40,13:41,13:43,13:45,13:47,13:48,13:50,13:52,13:54,13:55,13:57,13:58,14:00,14:02,14:03,14:06,14:08,14:09,14:10,14:12,14:14,14:16,14:18,14:19,14:21,14:25,14:26,14:27,14:28,14:30,14:31,14:33,14:36
21340,134 広島駅,up,13:40,13:43,13:44,13:47,13:48,13:50,13:51,13:53,13:55,13:57,13:58,14:00,14:02,14:04,14:05,14:07,14:08,14:10,14:12,14:13,14:16,14:18,14:19,14:20,14:22,14:24,14:26,14:28,14:29,14:31,14:35,14:36,14:37,14:38,14:40,14:41,14:43,14:46
21350,136 広島駅,up,13:50,13:53,13:54,13:57,13:58,14:00,14:01,14:03,14:05,14:07,14:08,14:10,14:12,14:14,14:15,14:17,14:18,14:20,14:22,14:23,14:26,14:28,14:29,14:30,14:32,14:34,14:36,14:38,14:39,14:41,14:45,14:46,14:47,14:48,14:50,14:51,14:53,14:56
21400,138 広島駅,up,14:00,14:03,14:04,14:07,14:08,14:10,14:11,14:13,14:15,14:17,14:18,14:20,14:22,14:24,14:25,14:27,14:28,14:30,14:32,14:33,14:36,14:38,14:39,14:40,14:42,14:44,14:46,14:48,14:49,14:51,14:55,14:56,14:57,14:58,15:00,15:01,15:03,15:06
21410,140 広島駅,up,14:10,14:13,14:14,14:17,14:18,14:20,14:21,14:23,14:25,14:27,14:28,14:30,14:32,14:34,14:35,14:37,14:38,14:40,14:42,14:43,14:46,14:48,14:49,14:50,14:52,14:54,14:56,14:58,14:59,15:01,15:05,15:06,15:07,15:08,15:10,15:11,15:13,15:16
21420,142 広島駅,up,14:20,14:23,14:24,14:27,14:28,14:30,14:31,14:33,14:35,14:37,14:38,14:40,14:42,14:44,14:45,14:47,14:48,14:50,14:52,14:53,14:56,14:58,14:59,15:00,15:02,15:04,15:06,15:08,15:09,15:11,15:15,15:16,15:17,15:18,15:20,15:21,15:23,15:26
21430,144 広島駅,up,14:30,14:33,14:34,14:37,14:38,14:40,14:41,14:43,14:45,14:47,14:48,14:50,14:52,14:54,14:55,14:57,14:58,15:00,15:02,15:03,15:06,15:08,15:09,15:10,15:12,15:14,15:16,15:18,15:19,15:21,15:25,15:26,15:27,15:28,15:30,15:31,15:33,15:36
21440,146 広島駅,up,14:40,14:43,14:44,14:47,14:48,14:50,14:51,14:53,14:55,14:57,14:58,15:00,15:02,15:04,15:05,15:07,15:08,15:10,15:12,15:13,15:16,15:18,15:19,15:20,15:22,15:24,15:26,15:28,15:29,15:31,15:35,15:36,15:37,15:38,15:40,15:41,15:43,15:46
21450,148 広島駅,up,14:50,14:53,14:54,14:57,14:58,15:00,15:01,15:03,15:05,15:07,15:08,15:10,15:12,15:14,15:15,15:17,15:18,15:20,15:22,15:23,15:26,15:28,15:29,15:30,15:32,15:34,15:36,15:38,15:39,15:41,15:45,15:46,15:47,15:48,15:50,15:51,15:53,15:56
21500,150 広島駅,up,15:00,15:03,15:04,15:07,15:08,15:10,15:11,15:13,15:15,15:17,15:18,15:20,15:22,15:24,15:25,15:27,15:28,15:30,15:32,15:33,15:36,15:38,15:39,15:40,15:42,15:44,15:46,15:48,15:49,15:51,15:55,15:56,15:57,15:58,16:00,16:01,16:03,16:06
21509,152 広島駅,up,15:09,15:12,15:13,15:16,15:17,15:19,15:20,15:22,15:24,15:26,15:27,15:29,15:31,15:33,15:34,15:36,15:37,15:39,15:41,15:42,15:45,15:47,15:48,15:49,15:51,15:53,15:55,15:57,15:58,16:00,16:04,16:06,16:07,16:08,16:10,16:11,16:13,16:16
21517,154 広島駅,up,15:17,15:20,15:21,15:24,15:25,15:27,15:28,15:30,15:32,15:34,15:35,15:37,15:39,15:41,15:42,15:44,15:45,15:47,15:49,15:50,15:53,15:55,15:56,15:57,15:59,16:01,16:03,16:05,16:07,16:09,16:13,16:15,16:16,16:17,16:19,16:20,16:22,16:25
21525,156 広島駅,up,15:25,15:28,15:29,15:32,15:33,15:35,15:36,15:38,15:40,15:42,15:43,15:45,15:47,15:49,15:50,15:52,15:53,15:55,15:57,15:58,16:01,16:04,16:05,16:07,16:09,16:11,16:13,16:15,16:17,16:19,16:23,16:25,16:26,16:27,16:29,16:30,16:32,16:35
21533,158 広島駅,up,15:33,15:36,15:38,15:40,15:42,15:43,15:45,15:46,15:48,15:50,15:52,15:54,15:55,15:57,15:59,16:01,16:02,16:04,16:05,16:07,16:10,16:13,16:14,16:16,16:18,16:20,16:22,16:24,16:26,16:28,16:32,16:34,16:35,16:36,16:38,16:39,16:41,16:44
21541,160 広島駅,up,15:41,15:44,15:46,15:48,15:50,15:51,15:53,15:54,15:56,15:58,16:00,16:02,16:03,16:05,16:07,16:09,16:10,16:12,16:13,16:15,16:18,16:21,16:22,16:24,16:26,16:28,16:30,16:32,16:34,16:36,16:40,16:42,16:43,16:44,16:46,16:47,16:49,16:52
25149,162 広島駅,up,15:49,15:52,15:54,15:56,15:58,15:59,16:01,16:02,16:04,16:06,16:08,16:10,16:11,16:13,16:15,16:17,16:18,16:20,16:21,16:23,16:26,16:29,16:30,16:32,16:34,16:36,16:38,16:40,16:42,16:44,16:48,16:50,16:51,16:52,16:54,16:55,16:57,17:00
25157,164 広島駅,up,15:57,16:00,16:02,16:04,16:06,16:07,16:09,16:10,16:12,16:14,16:16,16:18,16:19,16:21,16:23,16:25,16:26,16:28,16:29,16:31,16:34,16:37,16:38,16:40,16:42,16:44,16:46,16:48,16:50,16:52,16:56,16:58,16:59,17:00,17:02,17:03,17:05,17:08
21605,166 広島駅,up,16:05,16:08,16:10,16:12,16:14,16:15,16:17,16:18,16:20,16:22,16:24,16:26,16:27,16:29,16:31,16:33,16:34,16:36,16:37,16:39,16:42,16:45,16:46,16:48,16:50,16:52,16:54,16:56,16:58,17:00,17:04,17:06,17:07,17:08,17:10,17:11,17:13,17:16
21613,168 広島駅,up,16:13,16:16,16:18,16:20,16:22,16:23,16:25,16:26,16:28,16:30,16:32,16:34,16:35,16:37,16:39,16:41,16:42,16:44,16:45,16:47,16:50,16:53,16:54,16:56,16:58,17:00,17:02,17:04,17:06,17:08,17:12,17:14,17:15,17:16,17:18,17:19,17:21,17:24
21621,170 広島駅,up,16:21,16:24,16:26,16:28,16:30,16:31,16:33,16:34,16:36,16:38,16:40,16:42,16:43,16:45,16:47,16:49,16:50,16:52,16:53,16:55,16:58,17:01,17:02,17:04,17:06,17:08,17:10,17:12,17:14,17:16,17:20,17:22,17:23,17:24,17:26,17:27,17:29,17:32
21629,172 広島駅,up,16:29,16:32,16:34,16:36,16:38,16:39,16:41,16:42,16:44,16:46,16:48,16:50,16:51,16:53,16:55,16:57,16:58,17:00,17:01,17:03,17:06,17:09,17:10,17:12,17:14,17:16,17:18,17:20,17:22,17:24,17:28,17:30,17:31,17:32,17:34,17:35,17:37,17:40
21637,174 広島駅,up,16:37,16:40,16:42,16:44,16:46,16:47,16:49,16:50,16:52,16:54,16:56,16:58,16:59,17:01,17:03,17:05,17:06,17:08,17:09,17:11,17:14,17:17,17:18,17:20,17:22,17:24,17:26,17:28,17:30,17:32,17:36,17:38,17:39,17:40,17:42,17:43,17:45,17:48
21645,176 広島駅,up,16:45,16:48,16:50,16:52,16:54,16:55,16:57,16:58,17:00,17:02,17:04,17:06,17:07,17:09,17:11,17:13,17:14,17:16,17:17,17:19,17:22,17:25,17:26,17:28,17:30,17:32,17:34,17:36,17:38,17:40,17:44,17:46,17:47,17:48,17:50,17:51,17:53,17:56
21653,178 広島駅,up,16:53,16:56,16:58,17:00,17:02,17:03,17:05,17:06,17:08,17:10,17:12,17:14,17:15,17:17,17:19,17:21,17:22,17:24,17:25,17:27,17:30,17:33,17:34,17:36,17:38,17:40,17:42,17:44,17:46,17:48,17:52,17:54,17:55,17:56,17:58,17:59,18:01,18:04
21701,180 広島駅,up,17:01,17:04,17:06,17:08,17:10,17:11,17:13,17:14,17:16,17:18,17:20,17:22,17:23,17:25,17:27,17:29,17:30,17:32,17:33,17:35,17:38,17:41,17:42,17:44,17:46,17:48,17:50,17:52,17:54,17:56,18:00,18:02,18:03,18:04,18:06,18:07,18:09,18:12
21709,182 広島駅,up,17:09,17:12,17:14,17:16,17:18,17:19,17:21,17:22,17:24,17:26,17:28,17:30,17:31,17:33,17:35,17:37,17:38,17:40,17:41,17:43,17:46,17:49,17:50,17:52,17:54,17:56,17:58,18:00,18:02,18:04,18:08,18:10,18:11,18:12,18:14,18:15,18:17,18:20
21717,184 広島駅,up,17:17,17:20,17:22,17:24,17:26,17:27,17:29,17:30,17:32,17:34,17:36,17:38,17:39,17:41,17:43,17:45,17:46,17:48,17:49,17:51,17:54,17:57,17:58,18:00,18:02,18:04,18:06,18:08,18:10,18:12,18:16,18:18,18:19,18:20,18:22,18:23,18:25,18:28
21725,186 広島駅,up,17:25,17:28,17:30,17:32,17:34,17:35,17:37,17:38,17:40,17:42,17:44,17:46,17:47,17:49,17:51,17:53,17:54,17:56,17:57,17:59,18:02,18:05,18:06,18:08,18:10,18:12,18:14,18:16,18:18,18:20,18:24,18:26,18:27,18:28,18:30,18:31,18:33,18:36
21733,188 広島駅,up,17:33,17:36,17:38,17:40,17:42,17:43,17:45,17:46,17:48,17:50,17:52,17:54,17:55,17:57,17:59,18:01,18:02,18:04,18:05,18:07,18:10,18:13,18:14,18:16,18:18,18:20,18:22,18:24,18:26,18:28,18:32,18:34,18:35,18:36,18:38,18:39,18:41,18:44
21741,190 広島駅,up,17:41,17:44,17:46,17:48,17:50,17:51,17:53,17:54,17:56,17:58,18:00,18:02,18:03,18:05,18:07,18:09,18:10,18:12,18:13,18:15,18:18,18:21,18:22,18:24,18:26,18:28,18:30,18:32,18:34,18:36,18:40,18:42,18:43,18:44,18:46,18:47,18:49,18:52
21749,192 広島駅,up,17:49,17:52,17:54,17:56,17:58,17:59,18:01,18:02,18:04,18:06,18:08,18:10,18:11,18:13,18:15,18:17,18:18,18:20,18:21,18:23,18:26,18:29,18:30,18:32,18:34,18:36,18:38,18:40,18:42,18:44,18:48,18:50,18:51,18:52,18:54,18:55,18:57,19:00
21757,194 広島駅,up,17:57,18:00,18:02,18:04,18:06,18:07,18:09,18:10,18:12,18:14,18:16,18:18,18:19,18:21,18:23,18:25,18:26,18:28,18:29,18:31,18:34,18:37,18:38,18:40,18:42,18:44,18:46,18:48,18:50,18:52,18:56,18:58,18:59,19:00,19:02,19:03,19:05,19:08
21806,196 広島駅,up,18:06,18:09,18:11,18:13,18:15,18:16,18:18,18:19,18:21,18:23,18:25,18:27,18:28,18:30,18:32,18:34,18:35,18:37,18:38,18:40,18:43,18:46,18:47,18:49,18:51,18:53,18:55,18:57,18:59,19:01,19:05,19:06,19:07,19:08,19:10,19:11,19:13,19:16
21816,198 広島駅,up,18:16,18:19,18:21,18:23,18:25,18:26,18:28,18:29,18:31,18:33,18:35,18:37,18:38,18:40,18:42,18:44,18:45,18:47,18:48,18:50,18:53,18:56,18:57,18:59,19:01,19:03,19:05,19:07,19:08,19:10,19:14,19:15,19:16,19:17,19:19,19:20,19:22,19:25
28126,200 広島駅,up,18:26,18:29,18:31,18:33,18:35,18:36,18:38,18:39,18:41,18:43,18:45,18:47,18:48,18:50,18:52,18:54,18:55,18:57,18:58,19:00,19:03,19:05,19:06,19:07,19:09,19:11,19:13,19:15,19:16,19:18,19:22,19:23,19:24,19:25,19:27,19:28,19:30,19:33
21838,202 広島駅,up,18:38,18:41,18:43,18:45,18:47,18:48,18:50,18:51,18:53,18:55,18:57,18:59,19:00,19:02,19:04,19:06,19:07,19:09,19:10,19:12,19:15,19:17,19:18,19:19,19:21,19:23,19:25,19:27,19:28,19:30,19:34,19:35,19:36,19:37,19:39,19:40,19:42,19:45
21850,204 広島駅,up,18:50,18:53,18:55,18:57,18:59,19:00,19:02,19:03,19:05,19:07,19:09,19:11,19:12,19:14,19:16,19:18,19:19,19:21,19:22,19:24,19:27,19:29,19:30,19:31,19:33,19:35,19:37,19:39,19:40,19:42,19:46,19:47,19:48,19:49,19:51,19:52,19:54,19:57
21902,206 広島駅,up,19:02,19:05,19:06,19:09,19:10,19:12,19:13,19:15,19:17,19:19,19:20,19:22,19:24,19:26,19:27,19:29,19:30,19:32,19:34,19:35,19:38,19:40,19:41,19:42,19:44,19:46,19:48,19:50,19:51,19:53,19:57,19:58,19:59,20:00,20:02,20:03,20:05,20:08
21914,208 広島駅,up,19:14,19:17,19:18,19:21,19:22,19:24,19:25,19:27,19:29,19:31,19:32,19:34,19:36,19:38,19:39,19:41,19:42,19:44,19:46,19:47,19:50,19:52,19:53,19:54,19:56,19:58,20:00,20:02,20:03,20:05,20:09,20:10,20:11,20:12,20:14,20:15,20:17,20:20
21927,210 広島駅,up,19:27,19:30,19:31,19:34,19:35,19:37,19:38,19:40,19:42,19:44,19:45,19:47,19:49,19:51,19:52,19:54,19:55,19:57,19:59,20:00,20:03,20:05,20:06,20:07,20:09,20:11,20:13,20:15,20:16,20:18,20:22,20:23,20:24,20:25,20:27,20:28,20:30,20:33
21940,212 広島駅,up,19:40,19:43,19:44,19:47,19:48,19:50,19:51,19:53,19:55,19:57,19:58,20:00,20:02,20:04,20:05,20:07,20:08,20:10,20:12,20:13,20:16,20:18,20:19,20:20,20:22,20:24,20:26,20:28,20:29,20:31,20:35,20:36,20:37,20:38,20:40,20:41,20:43,20:46
21953,214 広島駅,up,19:53,19:56,19:57,20:00,20:01,20:03,20:04,20:06,20:08,20:10,20:11,20:13,20:15,20:17,20:18,20:20,20:21,20:23,20:25,20:26,20:29,20:31,20:32,20:33,20:35,20:37,20:39,20:41,20:42,20:44,20:48,20:49,20:50,20:51,20:53,20:54,20:56,20:59
22006,216 広島駅,up,20:06,20:09,20:10,20:13,20:14,20:16,20:17,20:19,20:21,20:23,20:24,20:26,20:28,20:30,20:31,20:33,20:34,20:36,20:38,20:39,20:42,20:44,20:45,20:46,20:48,20:50,20:52,20:54,20:55,20:57,21:01,21:02,21:03,21:04,21:06,21:07,21:09,21:12
22020,218 広島駅,up,20:20,20:23,20:24,20:27,20:28,20:30,20:31,20:33,20:35,20:37,20:38,20:40,20:42,20:44,20:45,20:47,20:48,20:50,20:52,20:53,20:56,20:58,20:59,21:00,21:02,21:04,21:06,21:08,21:09,21:11,21:15,21:16,21:17,21:18,21:20,21:21,21:23,21:26
22034,220 広島駅,up,20:34,20:37,20:38,20:41,20:42,20:44,20:45,20:47,20:49,20:51,20:52,20:54,20:56,20:58,20:59,21:01,21:02,21:04,21:06,21:07,21:10,21:12,21:13,21:14,21:16,21:18,21:20,21:22,21:23,21:25,21:29,21:30,21:31,21:32,21:34,21:35,21:37,21:40
22048,222 広島駅,up,20:48,20:51,20:52,20:55,20:56,20:58,20:59,21:01,21:03,21:05,21:06,21:08,21:10,21:12,21:13,21:15,21:16,21:18,21:20,21:21,21:24,21:26,21:27,21:28,21:30,21:32,21:34,21:36,21:37,21:39,21:43,21:44,21:45,21:46,21:48,21:49,21:51,21:54
22102,224 広島駅,up,21:02,21:05,21:06,21:09,21:10,21:12,21:13,21:15,21:17,21:19,21:20,21:22,21:24,21:26,21:27,21:29,21:30,21:32,21:34,21:35,21:38,21:40,21:41,21:42,21:44,21:46,21:48,21:50,21:51,21:53,21:57,21:58,21:59,22:00,22:02,22:03,22:05,22:08
22116,226 広島駅,up,21:16,21:19,21:20,21:23,21:24,21:26,21:27,21:29,21:31,21:33,21:34,21:36,21:38,21:40,21:41,21:43,21:44,21:46,21:48,21:49,21:52,21:54,21:55,21:56,21:58,22:00,22:02,22:04,22:05,22:07,22:11,22:12,22:13,22:14,22:16,22:17,22:19,22:22
22135,228 広島駅,up,21:35,21:38,21:39,21:42,21:43,21:45,21:46,21:48,21:50,21:52,21:53,21:55,21:57,21:59,22:00,22:02,22:03,22:05,22:07,22:08,22:11,22:13,22:14,22:15,22:17,22:19,22:21,22:23,22:24,22:26,22:30,22:31,22:32,22:33,22:35,22:36,22:38,22:41
22155,230 広島駅,up,21:55,21:58,21:59,22:02,22:03,22:05,22:06,22:08,22:10,22:12,22:13,22:15,22:17,22:19,22:20,22:22,22:23,22:25,22:27,22:28,22:31,22:33,22:34,22:35,22:37,22:39,22:41,22:43,22:44,22:46,22:50,22:51,22:52,22:53,22:55,22:56,22:58,23:01
22230,232 西広島,up,22:30,22:33,22:34,22:37,22:38,22:40,22:41,22:43,22:45,22:47,22:48,22:50,22:52,22:54,22:55,22:57,22:58,23:00,23:02,23:03,23:05,,,,,,,,,,,,,,,,,
50505,50505 宮島口,down,5:41,5:37,5:36,5:33,5:32,5:30,5:29,5:27,5:25,5:23,5:21,5:20,5:18,5:16,5:14,,,,,,,,,,,,,,,,,,,,,,,
1,1 宮島口,down,6:21,6:17,6:16,6:13,6:12,6:10,6:09,6:07,6:05,6:03,6:01,6:00,5:58,5:56,5:54,5:52,5:51,5:49,5:47,5:46,5:45,,,,,,,,,,,,,,,,,
3,3 JA,down,,,,,6:20,6:19,6:18,6:16,6:14,6:12,6:10,6:09,6:07,6:05,6:03,,,,,,,,,,,,,,,,,,,,,,,
5,5 宮島口,down,6:41,6:37,6:36,6:33,6:32,6:30,6:29,6:27,6:25,6:23,6:21,6:20,6:18,6:16,6:14,6:12,6:11,6:09,6:07,6:06,6:05,,,,,,,,,,,,,,,,,
7,7 JA,down,,,,,6:36,6:35,6:34,6:32,6:30,6:28,6:26,6:25,6:23,6:21,6:19,,,,,,,,,,,,,,,,,,,,,,,
9,9 JA,down,,,,,6:46,6:45,6:44,6:42,6:40,6:38,6:36,6:35,6:33,6:31,6:29,,,,,,,,,,,,,,,,,,,,,,,
11,11 宮島口,down,7:01,6:57,6:56,6:53,6:52,6:50,6:49,6:47,6:45,6:43,6:41,6:40,6:38,6:36,6:34,6:32,6:31,6:29,6:27,6:26,6:25,,,,,,,,,,,,,,,,,
13,13 JA,down,,,,,7:03,7:02,7:01,6:59,6:57,6:55,6:53,6:52,6:50,6:48,6:46,,,,,,,,,,,,,,,,,,,,,,,
15,15 廿日市,down,,,,,,,,7:01,7:00,6:58,6:56,6:55,6:53,6:51,6:49,,,,,,,,,,,,,,,,,,,,,,,
17,17 宮島口,down,7:21,7:17,7:16,7:13,7:12,7:10,7:09,7:07,7:05,7:03,7:01,7:00,6:58,6:56,6:54,6:52,6:51,6:49,6:47,6:46,6:45,,,,,,,,,,,,,,,,,
19,19 JA,down,,,,,7:13,7:12,7:11,7:09,7:07,7:05,7:03,7:02,7:00,6:58,6:56,,,,,,,,,,,,,,,,,,,,,,,
21,21 廿日市,down,,,,,,,,7:11,7:10,7:08,7:06,7:05,7:03,7:01,6:59,,,,,,,,,,,,,,,,,,,,,,,
23,23 JA,down,,,,,7:22,7:21,7:20,7:18,7:16,7:14,7:12,7:10,7:08,7:06,7:04,,,,,,,,,,,,,,,,,,,,,,,
25,25 宮島口,down,7:37,7:33,7:32,7:29,7:28,7:26,7:25,7:23,7:21,7:19,7:17,7:15,7:13,7:11,7:09,7:07,7:06,7:04,7:02,7:01,7:00,,,,,,,,,,,,,,,,,
27,27 JA,down,,,,,7:31,7:30,7:29,7:27,7:25,7:23,7:21,7:19,7:17,7:15,7:13,,,,,,,,,,,,,,,,,,,,,,,
29,29 宮島口,down,7:47,7:43,7:42,7:39,7:38,7:36,7:35,7:33,7:31,7:29,7:27,7:25,7:23,7:21,7:19,7:17,7:16,7:14,7:12,7:11,7:10,,,,,,,,,,,,,,,,,
31,31 宮島口,down,7:57,7:53,7:52,7:49,7:48,7:46,7:45,7:43,7:41,7:39,7:37,7:35,7:33,7:31,7:29,7:27,7:26,7:24,7:22,7:21,7:20,7:14,7:13,7:10,7:09,7:07,7:06,7:04,7:01,6:59,6:57,6:54,6:53,6:51,6:49,6:48,6:46,6:44
33,33 宮島口,down,8:05,8:01,8:00,7:57,7:56,7:54,7:53,7:51,7:49,7:47,7:45,7:43,7:41,7:39,7:37,7:35,7:34,7:32,7:30,7:29,7:28,,,,,,,,,,,,,,,,,
35,35 宮島口,down,8:13,8:09,8:08,8:05,8:04,8:02,8:01,7:59,7:57,7:55,7:53,7:51,7:49,7:47,7:45,7:43,7:42,7:40,7:38,7:37,7:36,7:26,7:25,7:22,7:21,7:19,7:18,7:16,7:13,7:11,7:09,7:06,7:05,7:03,7:01,7:00,6:58,6:56
37,37 宮島口,down,8:21,8:17,8:16,8:13,8:12,8:10,8:09,8:07,8:05,8:03,8:01,7:59,7:57,7:55,7:53,7:51,7:50,7:48,7:46,7:45,7:44,7:38,7:37,7:34,7:33,7:31,7:30,7:28,7:25,7:23,7:21,7:18,7:17,7:15,7:13,7:12,7:10,7:08
39,39 宮島口,down,8:29,8:25,8:24,8:21,8:20,8:18,8:17,8:15,8:13,8:11,8:09,8:07,8:05,8:03,8:01,7:59,7:58,7:56,7:54,7:53,7:52,7:47,7:46,7:43,7:42,7:40,7:39,7:37,7:34,7:32,7:30,7:27,7:26,7:24,7:22,7:21,7:19,7:17
41,41 宮島口,down,8:37,8:33,8:32,8:29,8:28,8:26,8:25,8:23,8:21,8:19,8:17,8:15,8:13,8:11,8:09,8:07,8:06,8:04,8:02,8:01,8:00,,,,,,,,,,,,,,,,,
43,43 宮島口,down,8:45,8:41,8:40,8:37,8:36,8:34,8:33,8:31,8:29,8:27,8:25,8:23,8:21,8:19,8:17,8:15,8:14,8:12,8:10,8:09,8:08,8:00,7:59,7:56,7:55,7:53,7:52,7:50,7:47,7:45,7:43,7:40,7:39,7:37,7:35,7:34,7:32,7:30
45,45 宮島口,down,8:53,8:49,8:48,8:45,8:44,8:42,8:41,8:39,8:37,8:35,8:33,8:31,8:29,8:27,8:25,8:23,8:22,8:20,8:18,8:17,8:16,8:11,8:10,8:07,8:06,8:04,8:03,8:01,7:58,7:56,7:54,7:51,7:50,7:48,7:46,7:45,7:43,7:41
47,47 宮島口,down,9:01,8:57,8:56,8:53,8:52,8:50,8:49,8:47,8:45,8:43,8:41,8:39,8:37,8:35,8:33,8:31,8:30,8:28,8:26,8:25,8:24,,,,,,,,,,,,,,,,,
49,49 西広島,down,,,,,,,,,,,,,,,,,,,,,8:24,8:20,8:19,8:16,8:15,8:13,8:12,8:10,8:07,8:05,8:03,,,,,,,
51,51 宮島口,down,9:09,9:05,9:04,9:01,9:00,8:58,8:57,8:55,8:53,8:51,8:49,8:47,8:45,8:43,8:41,8:39,8:38,8:36,8:34,8:33,8:32,8:23,8:22,8:19,8:18,8:16,8:15,8:13,8:10,8:08,8:06,8:03,8:02,8:00,7:58,7:57,7:55,7:53
53,53 宮島口,down,9:16,9:12,9:11,9:08,9:07,9:05,9:04,9:02,9:00,8:58,8:56,8:55,8:53,8:51,8:49,8:47,8:46,8:44,8:42,8:41,8:40,8:33,8:32,8:29,8:28,8:26,8:25,8:23,8:20,8:18,8:16,8:13,8:12,8:10,8:08,8:07,8:05,8:03
55,55 西広島,down,,,,,,,,,,,,,,,,,,,,,8:44,8:40,8:39,8:36,8:35,8:33,8:32,8:30,8:27,8:25,8:23,,,,,,,
57,57 宮島口,down,9:26,9:22,9:21,9:18,9:17,9:15,9:14,9:12,9:10,9:08,9:06,9:05,9:03,9:01,8:59,8:57,8:56,8:54,8:52,8:51,8:50,8:42,8:41,8:38,8:37,8:35,8:34,8:32,8:29,8:27,8:25,8:22,8:21,8:19,8:17,8:16,8:14,8:12
59,59 西広島,down,,,,,,,,,,,,,,,,,,,,,8:54,8:50,8:49,8:46,8:45,8:43,8:42,8:40,8:37,8:35,8:33,,,,,,,
61,61 宮島口,down,9:36,9:32,9:31,9:28,9:27,9:25,9:24,9:22,9:20,9:18,9:16,9:15,9:13,9:11,9:09,9:07,9:06,9:04,9:02,9:01,9:00,8:52,8:51,8:48,8:47,8:45,8:44,8:42,8:39,8:37,8:35,8:32,8:31,8:29,8:27,8:26,8:24,8:22
63,63 西広島,down,,,,,,,,,,,,,,,,,,,,,9:02,8:58,8:57,8:54,8:53,8:51,8:50,8:48,8:45,8:43,8:41,,,,,,,
65,65 宮島口,down,9:46,9:42,9:41,9:38,9:37,9:35,9:34,9:32,9:30,9:28,9:26,9:25,9:23,9:21,9:19,9:17,9:16,9:14,9:12,9:11,9:10,9:00,8:59,8:56,8:55,8:53,8:52,8:50,8:47,8:45,8:43,8:40,8:39,8:37,8:35,8:34,8:32,8:30
67,67 西広島,down,,,,,,,,,,,,,,,,,,,,,9:10,9:06,9:05,9:02,9:01,8:59,8:58,8:56,8:53,8:51,8:49,,,,,,,
69,69 西広島,down,,,,,,,,,,,,,,,,,,,,,9:12,9:08,9:07,9:04,9:03,9:01,9:00,8:58,8:55,8:53,8:51,8:48,8:47,8:45,8:43,8:42,8:40,8:38
71,71 宮島口,down,9:56,9:52,9:51,9:48,9:47,9:45,9:44,9:42,9:40,9:38,9:36,9:35,9:33,9:31,9:29,9:27,9:26,9:24,9:22,9:21,9:20,9:13,9:12,9:09,9:08,9:06,9:05,9:03,9:00,8:58,8:56,8:53,8:52,8:50,8:48,8:47,8:45,8:43
73,73 西広島,down,,,,,,,,,,,,,,,,,,,,,9:27,9:23,9:22,9:19,9:18,9:16,9:15,9:13,9:10,9:08,9:06,,,,,,,
75,75 宮島口,down,10:06,10:02,10:01,9:58,9:57,9:55,9:54,9:52,9:50,9:48,9:46,9:45,9:43,9:41,9:39,9:37,9:36,9:34,9:32,9:31,9:30,9:24,9:23,9:20,9:19,9:17,9:16,9:14,9:11,9:09,9:07,9:04,9:03,9:01,8:59,8:58,8:56,8:54
77,77 西広島,down,,,,,,,,,,,,,,,,,,,,,9:34,9:30,9:29,9:26,9:25,9:23,9:22,9:20,9:17,9:15,9:13,,,,,,,
79,79 宮島口,down,10:16,10:12,10:11,10:08,10:07,10:05,10:04,10:02,10:00,9:58,9:56,9:55,9:53,9:51,9:49,9:47,9:46,9:44,9:42,9:41,9:40,9:32,9:31,9:28,9:27,9:25,9:24,9:22,9:19,9:17,9:15,9:12,9:11,9:09,9:07,9:06,9:04,9:02
81,81 西広島,down,,,,,,,,,,,,,,,,,,,,,9:42,9:38,9:37,9:34,9:33,9:31,9:30,9:28,9:25,9:23,9:21,9:18,9:17,9:15,9:13,9:12,9:10,9:08
83,83 宮島口,down,10:26,10:22,10:21,10:18,10:17,10:15,10:14,10:12,10:10,10:08,10:06,10:05,10:03,10:01,9:59,9:57,9:56,9:54,9:52,9:51,9:50,9:43,9:42,9:39,9:38,9:36,9:35,9:33,9:30,9:28,9:26,9:23,9:22,9:20,9:18,9:17,9:15,9:13
85,85 西広島,down,,,,,,,,,,,,,,,,,,,,,9:52,9:48,9:47,9:44,9:43,9:41,9:40,9:38,9:35,9:33,9:31,9:28,9:27,9:25,9:23,9:22,9:20,9:18
87,87 宮島口,down,10:36,10:32,10:31,10:28,10:27,10:25,10:24,10:22,10:20,10:18,10:16,10:15,10:13,10:11,10:09,10:07,10:06,10:04,10:02,10:01,10:00,9:54,9:53,9:50,9:49,9:47,9:46,9:44,9:41,9:39,9:37,9:34,9:33,9:31,9:29,9:28,9:26,9:24
89,89 西広島,down,,,,,,,,,,,,,,,,,,,,,10:03,9:59,9:58,9:55,9:54,9:52,9:51,9:49,9:46,9:44,9:42,9:39,9:38,9:36,9:34,9:33,9:31,9:29
91,91 宮島口,down,10:46,10:42,10:41,10:38,10:37,10:35,10:34,10:32,10:30,10:28,10:26,10:25,10:23,10:21,10:19,10:17,10:16,10:14,10:12,10:11,10:10,10:05,10:04,10:01,10:00,9:58,9:57,9:55,9:52,9:50,9:48,9:45,9:44,9:42,9:40,9:39,9:37,9:35
93,93 宮島口,down,10:55,10:51,10:50,10:47,10:46,10:44,10:43,10:41,10:39,10:37,10:35,10:34,10:32,10:30,10:28,10:26,10:25,10:23,10:21,10:20,10:19,10:13,10:12,10:09,10:08,10:06,10:05,10:03,10:00,9:58,9:56,9:53,9:52,9:50,9:48,9:47,9:45,9:43
95,95 宮島口,down,11:05,11:01,11:00,10:57,10:56,10:54,10:53,10:51,10:49,10:47,10:45,10:44,10:42,10:40,10:38,10:36,10:35,10:33,10:31,10:30,10:29,10:23,10:22,10:19,10:18,10:16,10:15,10:13,10:10,10:08,10:06,10:03,10:02,10:00,9:58,9:57,9:55,9:53
97,97 宮島口,down,11:15,11:11,11:10,11:07,11:06,11:04,11:03,11:01,10:59,10:57,10:55,10:54,10:52,10:50,10:48,10:46,10:45,10:43,10:41,10:40,10:39,10:33,10:32,10:29,10:28,10:26,10:25,10:23,10:20,10:18,10:16,10:13,10:12,10:10,10:08,10:07,10:05,10:03
99,99 宮島口,down,11:25,11:21,11:20,11:17,11:16,11:14,11:13,11:11,11:09,11:07,11:05,11:04,11:02,11:00,10:58,10:56,10:55,10:53,10:51,10:50,10:49,10:43,10:42,10:39,10:38,10:36,10:35,10:33,10:30,10:28,10:26,10:23,10:22,10:20,10:18,10:17,10:15,10:13
101,101 宮島口,down,11:34,11:30,11:29,11:26,11:25,11:23,11:22,11:20,11:18,11:16,11:14,11:13,11:11,11:09,11:07,11:05,11:04,11:02,11:00,10:59,10:58,10:52,10:51,10:48,10:47,10:45,10:44,10:42,10:39,10:37,10:35,10:32,10:31,10:29,10:27,10:26,10:24,10:22
103,103 宮島口,down,11:44,11:40,11:39,11:36,11:35,11:33,11:32,11:30,11:28,11:26,11:24,11:23,11:21,11:19,11:17,11:15,11:14,11:12,11:10,11:09,11:08,11:02,11:01,10:58,10:57,10:55,10:54,10:52,10:49,10:47,10:45,10:42,10:41,10:39,10:37,10:36,10:34,10:32
105,105 宮島口,down,11:54,11:50,11:49,11:46,11:45,11:43,11:42,11:40,11:38,11:36,11:34,11:33,11:31,11:29,11:27,11:25,11:24,11:22,11:20,11:19,11:18,11:12,11:11,11:08,11:07,11:05,11:04,11:02,10:59,10:57,10:55,10:52,10:51,10:49,10:47,10:46,10:44,10:42
107,107 宮島口,down,12:04,12:00,11:59,11:56,11:55,11:53,11:52,11:50,11:48,11:46,11:44,11:43,11:41,11:39,11:37,11:35,11:34,11:32,11:30,11:29,11:28,11:22,11:21,11:18,11:17,11:15,11:14,11:12,11:09,11:07,11:05,11:02,11:01,10:59,10:57,10:56,10:54,10:52
109,109 宮島口,down,12:14,12:10,12:09,12:06,12:05,12:03,12:02,12:00,11:58,11:56,11:54,11:53,11:51,11:49,11:47,11:45,11:44,11:42,11:40,11:39,11:38,11:32,11:31,11:28,11:27,11:25,11:24,11:22,11:19,11:17,11:15,11:12,11:11,11:09,11:07,11:06,11:04,11:02
111,111 宮島口,down,12:23,12:19,12:18,12:15,12:14,12:12,12:11,12:09,12:07,12:05,12:03,12:02,12:00,11:58,11:56,11:54,11:53,11:51,11:49,11:48,11:47,11:42,11:41,11:38,11:37,11:35,11:34,11:32,11:29,11:27,11:25,11:22,11:21,11:19,11:17,11:16,11:14,11:12
113,113 宮島口,down,12:34,12:30,12:29,12:26,12:25,12:23,12:22,12:20,12:18,12:16,12:14,12:13,12:11,12:09,12:07,12:05,12:04,12:02,12:00,11:59,11:58,11:52,11:51,11:48,11:47,11:45,11:44,11:42,11:39,11:37,11:35,11:32,11:31,11:29,11:27,11:26,11:24,11:22
115,115 宮島口,down,12:44,12:40,12:39,12:36,12:35,12:33,12:32,12:30,12:28,12:26,12:24,12:23,12:21,12:19,12:17,12:15,12:14,12:12,12:10,12:09,12:08,12:02,12:01,11:58,11:57,11:55,11:54,11:52,11:49,11:47,11:45,11:42,11:41,11:39,11:37,11:36,11:34,11:32
117,117 宮島口,down,12:54,12:50,12:49,12:46,12:45,12:43,12:42,12:40,12:38,12:36,12:34,12:33,12:31,12:29,12:27,12:25,12:24,12:22,12:20,12:19,12:18,12:12,12:11,12:08,12:07,12:05,12:04,12:02,11:59,11:57,11:55,11:52,11:51,11:49,11:47,11:46,11:44,11:42
119,119 宮島口,down,13:04,13:00,12:59,12:56,12:55,12:53,12:52,12:50,12:48,12:46,12:44,12:43,12:41,12:39,12:37,12:35,12:34,12:32,12:30,12:29,12:28,12:22,12:21,12:18,12:17,12:15,12:14,12:12,12:09,12:07,12:05,12:02,12:01,11:59,11:57,11:56,11:54,11:52
121,121 宮島口,down,13:14,13:10,13:09,13:06,13:05,13:03,13:02,13:00,12:58,12:56,12:54,12:53,12:51,12:49,12:47,12:45,12:44,12:42,12:40,12:39,12:38,12:32,12:31,12:28,12:27,12:25,12:24,12:22,12:19,12:17,12:15,12:12,12:11,12:09,12:07,12:06,12:04,12:02
123,123 宮島口,down,13:24,13:20,13:19,13:16,13:15,13:13,13:12,13:10,13:08,13:06,13:04,13:03,13:01,12:59,12:57,12:55,12:54,12:52,12:50,12:49,12:48,12:42,12:41,12:38,12:37,12:35,12:34,12:32,12:29,12:27,12:25,12:22,12:21,12:19,12:17,12:16,12:14,12:12
125,125 宮島口,down,13:34,13:30,13:29,13:26,13:25,13:23,13:22,13:20,13:18,13:16,13:14,13:13,13:11,13:09,13:07,13:05,13:04,13:02,13:00,12:59,12:58,12:52,12:51,12:48,12:47,12:45,12:44,12:42,12:39,12:37,12:35,12:32,12:31,12:29,12:27,12:26,12:24,12:22
127,127 宮島口,down,13:44,13:40,13:39,13:36,13:35,13:33,13:32,13:30,13:28,13:26,13:24,13:23,13:21,13:19,13:17,13:15,13:14,13:12,13:10,13:09,13:08,13:02,13:01,12:58,12:57,12:55,12:54,12:52,12:49,12:47,12:45,12:42,12:41,12:39,12:37,12:36,12:34,12:32
129,129 宮島口,down,13:54,13:50,13:49,13:46,13:45,13:43,13:42,13:40,13:38,13:36,13:34,13:33,13:31,13:29,13:27,13:25,13:24,13:22,13:20,13:19,13:18,13:12,13:11,13:08,13:07,13:05,13:04,13:02,12:59,12:57,12:55,12:52,12:51,12:49,12:47,12:46,12:44,12:42
131,131 宮島口,down,14:04,14:00,13:59,13:56,13:55,13:53,13:52,13:50,13:48,13:46,13:44,13:43,13:41,13:39,13:37,13:35,13:34,13:32,13:30,13:29,13:28,13:22,13:21,13:18,13:17,13:15,13:14,13:12,13:09,13:07,13:05,13:02,13:01,12:59,12:57,12:56,12:54,12:52
133,133 宮島口,down,14:14,14:10,14:09,14:06,14:05,14:03,14:02,14:00,13:58,13:56,13:54,13:53,13:51,13:49,13:47,13:45,13:44,13:42,13:40,13:39,13:38,13:32,13:31,13:28,13:27,13:25,13:24,13:22,13:19,13:17,13:15,13:12,13:11,13:09,13:07,13:06,13:04,13:02
135,135 宮島口,down,14:24,14:20,14:19,14:16,14:15,14:13,14:12,14:10,14:08,14:06,14:04,14:03,14:01,13:59,13:57,13:55,13:54,13:52,13:50,13:49,13:48,13:42,13:41,13:38,13:37,13:35,13:34,13:32,13:29,13:27,13:25,13:22,13:21,13:19,13:17,13:16,13:14,13:12
137,137 宮島口,down,14:34,14:30,14:29,14:26,14:25,14:23,14:22,14:20,14:18,14:16,14:14,14:13,14:11,14:09,14:07,14:05,14:04,14:02,14:00,13:59,13:58,13:52,13:51,13:48,13:47,13:45,13:44,13:42,13:39,13:37,13:35,13:32,13:31,13:29,13:27,13:26,13:24,13:22
139,139 宮島口,down,14:44,14:40,14:39,14:36,14:35,14:33,14:32,14:30,14:28,14:26,14:24,14:23,14:21,14:19,14:17,14:15,14:14,14:12,14:10,14:09,14:08,14:02,14:01,13:58,13:57,13:55,13:54,13:52,13:49,13:47,13:45,13:42,13:41,13:39,13:37,13:36,13:34,13:32
141,141 宮島口,down,14:54,14:50,14:49,14:46,14:45,14:43,14:42,14:40,14:38,14:36,14:34,14:33,14:31,14:29,14:27,14:25,14:24,14:22,14:20,14:19,14:18,14:12,14:11,14:08,14:07,14:05,14:04,14:02,13:59,13:57,13:55,13:52,13:51,13:49,13:47,13:46,13:44,13:42
143,143 宮島口,down,15:04,15:00,14:59,14:56,14:55,14:53,14:52,14:50,14:48,14:46,14:44,14:43,14:41,14:39,14:37,14:35,14:34,14:32,14:30,14:29,14:28,14:22,14:21,14:18,14:17,14:15,14:14,14:12,14:09,14:07,14:05,14:02,14:01,13:59,13:57,13:56,13:54,13:52
145,145 宮島口,down,15:14,15:10,15:09,15:06,15:05,15:03,15:02,15:00,14:58,14:56,14:54,14:53,14:51,14:49,14:47,14:45,14:44,14:42,14:40,14:39,14:38,14:32,14:31,14:28,14:27,14:25,14:24,14:22,14:19,14:17,14:15,14:12,14:11,14:09,14:07,14:06,14:04,14:02
147,147 宮島口,down,15:24,15:20,15:19,15:16,15:15,15:13,15:12,15:10,15:08,15:06,15:04,15:03,15:01,14:59,14:57,14:55,14:54,14:52,14:50,14:49,14:48,14:42,14:41,14:38,14:37,14:35,14:34,14:32,14:29,14:27,14:25,14:22,14:21,14:19,14:17,14:16,14:14,14:12
149,149 宮島口,down,15:34,15:30,15:29,15:26,15:25,15:23,15:22,15:20,15:18,15:16,15:14,15:13,15:11,15:09,15:07,15:05,15:04,15:02,15:00,14:59,14:58,14:52,14:51,14:48,14:47,14:45,14:44,14:42,14:39,14:37,14:35,14:32,14:31,14:29,14:27,14:26,14:24,14:22
151,151 宮島口,down,15:44,15:40,15:39,15:36,15:35,15:33,15:32,15:30,15:28,15:26,15:24,15:23,15:21,15:19,15:17,15:15,15:14,15:12,15:10,15:09,15:08,15:02,15:01,14:58,14:57,14:55,14:54,14:52,14:49,14:47,14:45,14:42,14:41,14:39,14:37,14:36,14:34,14:32
153,153 宮島口,down,15:54,15:50,15:49,15:46,15:45,15:43,15:42,15:40,15:38,15:36,15:34,15:33,15:31,15:29,15:27,15:25,15:24,15:22,15:20,15:19,15:18,15:12,15:11,15:08,15:07,15:05,15:04,15:02,14:59,14:57,14:55,14:52,14:51,14:49,14:47,14:46,14:44,14:42
155,155 宮島口,down,16:04,16:00,15:59,15:56,15:55,15:53,15:52,15:50,15:48,15:46,15:44,15:43,15:41,15:39,15:37,15:35,15:34,15:32,15:30,15:29,15:28,15:22,15:21,15:18,15:17,15:15,15:14,15:12,15:09,15:07,15:05,15:02,15:01,14:59,14:57,14:56,14:54,14:52
157,157 宮島口,down,16:13,16:09,16:08,16:05,16:04,16:02,16:01,15:59,15:57,15:55,15:53,15:52,15:50,15:48,15:46,15:44,15:43,15:41,15:39,15:38,15:37,15:32,15:31,15:28,15:27,15:25,15:24,15:22,15:19,15:17,15:15,15:12,15:11,15:09,15:07,15:06,15:04,15:02
159,159 宮島口,down,16:20,16:16,16:15,16:12,16:11,16:09,16:08,16:06,16:04,16:02,16:00,15:59,15:57,15:55,15:53,15:51,15:50,15:48,15:46,15:45,15:44,,,,,,,,,,,,,,,,,
161,161 宮島口,down,16:27,16:23,16:22,16:19,16:18,16:16,16:15,16:13,16:11,16:09,16:07,16:06,16:04,16:02,16:00,15:58,15:57,15:55,15:53,15:52,15:51,15:42,15:41,15:38,15:37,15:35,15:34,15:32,15:29,15:27,15:25,15:22,15:21,15:19,15:17,15:16,15:14,15:12
163,163 宮島口,down,16:34,16:30,16:29,16:26,16:25,16:23,16:22,16:20,16:18,16:16,16:14,16:13,16:11,16:09,16:07,16:05,16:04,16:02,16:00,15:59,15:58,15:52,15:51,15:48,15:47,15:45,15:44,15:42,15:39,15:37,15:35,15:32,15:31,15:29,15:27,15:26,15:24,15:22
165,165 宮島口,down,16:41,16:37,16:36,16:33,16:32,16:30,16:29,16:27,16:25,16:23,16:21,16:20,16:18,16:16,16:14,16:12,16:11,16:09,16:07,16:06,16:05,,,,,,,,,,,,,,,,,
167,167 宮島口,down,16:48,16:44,16:43,16:40,16:39,16:37,16:36,16:34,16:32,16:30,16:28,16:27,16:25,16:23,16:21,16:19,16:18,16:16,16:14,16:13,16:12,16:02,16:01,15:58,15:57,15:55,15:54,15:52,15:49,15:47,15:45,15:42,15:41,15:39,15:37,15:36,15:34,15:32
169,169 宮島口,down,16:55,16:51,16:50,16:47,16:46,16:44,16:43,16:41,16:39,16:37,16:35,16:34,16:32,16:30,16:28,16:26,16:25,16:23,16:21,16:20,16:19,16:12,16:11,16:08,16:07,16:05,16:04,16:02,15:59,15:57,15:55,15:52,15:51,15:49,15:47,15:46,15:44,15:42
171,171 宮島口,down,17:02,16:58,16:57,16:54,16:53,16:51,16:50,16:48,16:46,16:44,16:42,16:41,16:39,16:37,16:35,16:33,16:32,16:30,16:28,16:27,16:26,,,,,,,,,,,,,,,,,
173,173 宮島口,down,17:09,17:05,17:04,17:01,17:00,16:58,16:57,16:55,16:53,16:51,16:49,16:48,16:46,16:44,16:42,16:40,16:39,16:37,16:35,16:34,16:33,16:23,16:22,16:19,16:18,16:16,16:15,16:13,16:10,16:08,16:06,16:03,16:02,16:00,15:58,15:57,15:55,15:53
175,175 宮島口,down,17:16,17:12,17:11,17:08,17:07,17:05,17:04,17:02,17:00,16:58,16:56,16:55,16:53,16:51,16:49,16:47,16:46,16:44,16:42,16:41,16:40,16:32,16:31,16:28,16:27,16:25,16:24,16:22,16:19,16:17,16:15,16:12,16:11,16:09,16:07,16:06,16:04,16:02
177,177 宮島口,down,17:23,17:19,17:18,17:15,17:14,17:12,17:11,17:09,17:07,17:05,17:03,17:02,17:00,16:58,16:56,16:54,16:53,16:51,16:49,16:48,16:47,16:42,16:41,16:38,16:37,16:35,16:34,16:32,16:29,16:27,16:25,16:22,16:21,16:19,16:17,16:16,16:14,16:12
179,179 宮島口,down,17:31,17:27,17:26,17:23,17:22,17:20,17:19,17:17,17:15,17:13,17:11,17:10,17:08,17:06,17:04,17:02,17:01,16:59,16:57,16:56,16:55,,,,,,,,,,,,,,,,,
181,181 宮島口,down,17:39,17:35,17:34,17:31,17:30,17:28,17:27,17:25,17:23,17:21,17:19,17:18,17:16,17:14,17:12,17:10,17:09,17:07,17:05,17:04,17:03,16:52,16:51,16:48,16:47,16:45,16:44,16:42,16:39,16:37,16:35,16:32,16:31,16:29,16:27,16:26,16:24,16:22
183,183 宮島口,down,17:47,17:43,17:42,17:39,17:38,17:36,17:35,17:33,17:31,17:29,17:27,17:26,17:24,17:22,17:20,17:18,17:17,17:15,17:13,17:12,17:11,17:01,17:00,16:57,16:56,16:54,16:53,16:51,16:48,16:46,16:44,16:41,16:40,16:38,16:36,16:35,16:33,16:31
185,185 宮島口,down,17:55,17:51,17:50,17:47,17:46,17:44,17:43,17:41,17:39,17:37,17:35,17:34,17:32,17:30,17:28,17:26,17:25,17:23,17:21,17:20,17:19,17:11,17:10,17:07,17:06,17:04,17:03,17:01,16:58,16:56,16:54,16:51,16:50,16:48,16:46,16:45,16:43,16:41
187,187 宮島口,down,18:03,17:59,17:58,17:55,17:54,17:52,17:51,17:49,17:47,17:45,17:43,17:42,17:40,17:38,17:36,17:34,17:33,17:31,17:29,17:28,17:27,17:20,17:19,17:16,17:15,17:13,17:12,17:10,17:07,17:05,17:03,17:00,16:59,16:57,16:55,16:54,16:52,16:50
189,189 宮島口,down,18:11,18:07,18:06,18:03,18:02,18:00,17:59,17:57,17:55,17:53,17:51,17:50,17:48,17:46,17:44,17:42,17:41,17:39,17:37,17:36,17:35,17:28,17:27,17:24,17:23,17:21,17:20,17:18,17:15,17:13,17:11,17:08,17:07,17:05,17:03,17:02,17:00,16:58
191,191 宮島口,down,18:18,18:14,18:13,18:10,18:09,18:07,18:06,18:04,18:02,18:00,17:58,17:57,17:55,17:53,17:51,17:49,17:48,17:46,17:44,17:43,17:42,17:36,17:35,17:32,17:31,17:29,17:28,17:26,17:23,17:21,17:19,17:16,17:15,17:13,17:11,17:10,17:08,17:06
193,193 宮島口,down,18:25,18:21,18:20,18:17,18:16,18:14,18:13,18:11,18:09,18:07,18:05,18:04,18:02,18:00,17:58,17:56,17:55,17:53,17:51,17:50,17:49,17:44,17:43,17:40,17:39,17:37,17:36,17:34,17:31,17:29,17:27,17:24,17:23,17:21,17:19,17:18,17:16,17:14
195,195 宮島口,down,18:31,18:27,18:26,18:23,18:22,18:20,18:19,18:17,18:15,18:13,18:11,18:10,18:08,18:06,18:04,18:02,18:01,17:59,17:57,17:56,17:55,,,,,,,,,,,,,,,,,
197,197 宮島口,down,18:37,18:33,18:32,18:29,18:28,18:26,18:25,18:23,18:21,18:19,18:17,18:16,18:14,18:12,18:10,18:08,18:07,18:05,18:03,18:02,18:01,17:52,17:51,17:48,17:47,17:45,17:44,17:42,17:39,17:37,17:35,17:32,17:31,17:29,17:27,17:26,17:24,17:22
199,199 宮島口,down,18:43,18:39,18:38,18:35,18:34,18:32,18:31,18:29,18:27,18:25,18:23,18:22,18:20,18:18,18:16,18:14,18:13,18:11,18:09,18:08,18:07,18:00,17:59,17:56,17:55,17:53,17:52,17:50,17:47,17:45,17:43,17:40,17:39,17:37,17:35,17:34,17:32,17:30
201,201 宮島口,down,18:49,18:45,18:44,18:41,18:40,18:38,18:37,18:35,18:33,18:31,18:29,18:28,18:26,18:24,18:22,18:20,18:19,18:17,18:15,18:14,18:13,18:08,18:07,18:04,18:03,18:01,18:00,17:58,17:55,17:53,17:51,17:48,17:47,17:45,17:43,17:42,17:40,17:38
203,203 宮島口,down,18:55,18:51,18:50,18:47,18:46,18:44,18:43,18:41,18:39,18:37,18:35,18:34,18:32,18:30,18:28,18:26,18:25,18:23,18:21,18:20,18:19,,,,,,,,,,,,,,,,,
205,205 宮島口,down,19:01,18:57,18:56,18:53,18:52,18:50,18:49,18:47,18:45,18:43,18:41,18:40,18:38,18:36,18:34,18:32,18:31,18:29,18:27,18:26,18:25,18:16,18:15,18:12,18:11,18:09,18:08,18:06,18:03,18:01,17:59,17:56,17:55,17:53,17:51,17:50,17:48,17:46
207,207 宮島口,down,19:07,19:03,19:02,18:59,18:58,18:56,18:55,18:53,18:51,18:49,18:47,18:46,18:44,18:42,18:40,18:38,18:37,18:35,18:33,18:32,18:31,18:24,18:23,18:20,18:19,18:17,18:16,18:14,18:11,18:09,18:07,18:04,18:03,18:01,17:59,17:58,17:56,17:54
209,209 宮島口,down,19:13,19:09,19:08,19:05,19:04,19:02,19:01,18:59,18:57,18:55,18:53,18:52,18:50,18:48,18:46,18:44,18:43,18:41,18:39,18:38,18:37,18:32,18:31,18:28,18:27,18:25,18:24,18:22,18:19,18:17,18:15,18:12,18:11,18:09,18:07,18:06,18:04,18:02
211,211 宮島口,down,19:19,19:15,19:14,19:11,19:10,19:08,19:07,19:05,19:03,19:01,18:59,18:58,18:56,18:54,18:52,18:50,18:49,18:47,18:45,18:44,18:43,,,,,,,,,,,,,,,,,
213,213 宮島口,down,19:25,19:21,19:20,19:17,19:16,19:14,19:13,19:11,19:09,19:07,19:05,19:04,19:02,19:00,18:58,18:56,18:55,18:53,18:51,18:50,18:49,18:40,18:39,18:36,18:35,18:33,18:32,18:30,18:27,18:25,18:23,18:20,18:19,18:17,18:15,18:14,18:12,18:10
215,215 宮島口,down,19:31,19:27,19:26,19:23,19:22,19:20,19:19,19:17,19:15,19:13,19:11,19:10,19:08,19:06,19:04,19:02,19:01,18:59,18:57,18:56,18:55,18:48,18:47,18:44,18:43,18:41,18:40,18:38,18:35,18:33,18:31,18:28,18:27,18:25,18:23,18:22,18:20,18:18
217,217 宮島口,down,19:38,19:34,19:33,19:30,19:29,19:27,19:26,19:24,19:22,19:20,19:18,19:17,19:15,19:13,19:11,19:09,19:08,19:06,19:04,19:03,19:02,18:56,18:55,18:52,18:51,18:49,18:48,18:46,18:43,18:41,18:39,18:36,18:35,18:33,18:31,18:30,18:28,18:26
219,219 宮島口,down,19:45,19:41,19:40,19:37,19:36,19:34,19:33,19:31,19:29,19:27,19:25,19:24,19:22,19:20,19:18,19:16,19:15,19:13,19:11,19:10,19:09,19:04,19:03,19:00,18:59,18:57,18:56,18:54,18:51,18:49,18:47,18:44,18:43,18:41,18:39,18:38,18:36,18:34
221,221 宮島口,down,19:53,19:49,19:48,19:45,19:44,19:42,19:41,19:39,19:37,19:35,19:33,19:32,19:30,19:28,19:26,19:24,19:23,19:21,19:19,19:18,19:17,19:12,19:11,19:08,19:07,19:05,19:04,19:02,18:59,18:57,18:55,18:52,18:51,18:49,18:47,18:46,18:44,18:42
223,223 宮島口,down,20:01,19:57,19:56,19:53,19:52,19:50,19:49,19:47,19:45,19:43,19:41,19:40,19:38,19:36,19:34,19:32,19:31,19:29,19:27,19:26,19:25,19:20,19:19,19:16,19:15,19:13,19:12,19:10,19:07,19:05,19:03,19:00,18:59,18:57,18:55,18:54,18:52,18:50
225,225 宮島口,down,20:09,20:05,20:04,20:01,20:00,19:58,19:57,19:55,19:53,19:51,19:49,19:48,19:46,19:44,19:42,19:40,19:39,19:37,19:35,19:34,19:33,19:28,19:27,19:24,19:23,19:21,19:20,19:18,19:15,19:13,19:11,19:08,19:07,19:05,19:03,19:02,19:00,18:58
227,227 宮島口,down,20:17,20:13,20:12,20:09,20:08,20:06,20:05,20:03,20:01,19:59,19:57,19:56,19:54,19:52,19:50,19:48,19:47,19:45,19:43,19:42,19:41,19:36,19:35,19:32,19:31,19:29,19:28,19:26,19:23,19:21,19:19,19:16,19:15,19:13,19:11,19:10,19:08,19:06
229,229 宮島口,down,20:25,20:21,20:20,20:17,20:16,20:14,20:13,20:11,20:09,20:07,20:05,20:04,20:02,20:00,19:58,19:56,19:55,19:53,19:51,19:50,19:49,19:44,19:43,19:40,19:39,19:37,19:36,19:34,19:31,19:29,19:27,19:24,19:23,19:21,19:19,19:18,19:16,19:14
231,231 宮島口,down,20:33,20:29,20:28,20:25,20:24,20:22,20:21,20:19,20:17,20:15,20:13,20:12,20:10,20:08,20:06,20:04,20:03,20:01,19:59,19:58,19:57,19:52,19:51,19:48,19:47,19:45,19:44,19:42,19:39,19:37,19:35,19:32,19:31,19:29,19:27,19:26,19:24,19:22
233,233 宮島口,down,20:42,20:38,20:37,20:34,20:33,20:31,20:30,20:28,20:26,20:24,20:22,20:21,20:19,20:17,20:15,20:13,20:12,20:10,20:08,20:07,20:06,20:01,20:00,19:57,19:56,19:54,19:53,19:51,19:48,19:46,19:44,19:41,19:40,19:38,19:36,19:35,19:33,19:31
235,235 宮島口,down,20:51,20:47,20:46,20:43,20:42,20:40,20:39,20:37,20:35,20:33,20:31,20:30,20:28,20:26,20:24,20:22,20:21,20:19,20:17,20:16,20:15,20:09,20:08,20:05,20:04,20:02,20:01,19:59,19:56,19:54,19:52,19:49,19:48,19:46,19:44,19:43,19:41,19:39
237,237 宮島口,down,21:02,20:58,20:57,20:54,20:53,20:51,20:50,20:48,20:46,20:44,20:42,20:41,20:39,20:37,20:35,20:33,20:32,20:30,20:28,20:27,20:26,20:21,20:20,20:17,20:16,20:14,20:13,20:11,20:08,20:06,20:04,20:01,20:00,19:58,19:56,19:55,19:53,19:51
239,239 宮島口,down,21:14,21:10,21:09,21:06,21:05,21:03,21:02,21:00,20:58,20:56,20:54,20:53,20:51,20:49,20:47,20:45,20:44,20:42,20:40,20:39,20:38,20:33,20:32,20:29,20:28,20:26,20:25,20:23,20:20,20:18,20:16,20:13,20:12,20:10,20:08,20:07,20:05,20:03
241,241 宮島口,down,21:25,21:21,21:20,21:17,21:16,21:14,21:13,21:11,21:09,21:07,21:05,21:04,21:02,21:00,20:58,20:56,20:55,20:53,20:51,20:50,20:49,20:44,20:43,20:40,20:39,20:37,20:36,20:34,20:31,20:29,20:27,20:24,20:23,20:21,20:19,20:18,20:16,20:14
243,243 宮島口,down,21:37,21:33,21:32,21:29,21:28,21:26,21:25,21:23,21:21,21:19,21:17,21:16,21:14,21:12,21:10,21:08,21:07,21:05,21:03,21:02,21:01,20:56,20:55,20:52,20:51,20:49,20:48,20:46,20:43,20:41,20:39,20:36,20:35,20:33,20:31,20:30,20:28,20:26
245,245 宮島口,down,21:51,21:47,21:46,21:43,21:42,21:40,21:39,21:37,21:35,21:33,21:31,21:30,21:28,21:26,21:24,21:22,21:21,21:19,21:17,21:16,21:15,21:10,21:09,21:06,21:05,21:03,21:02,21:00,20:57,20:55,20:53,20:50,20:49,20:47,20:45,20:44,20:42,20:40
247,247 宮島口,down,22:04,22:00,21:59,21:56,21:55,21:53,21:52,21:50,21:48,21:46,21:44,21:43,21:41,21:39,21:37,21:35,21:34,21:32,21:30,21:29,21:28,21:23,21:22,21:19,21:18,21:16,21:15,21:13,21:10,21:08,21:06,21:03,21:02,21:00,20:58,20:57,20:55,20:53
249,249 宮島口,down,22:17,22:13,22:12,22:09,22:08,22:06,22:05,22:03,22:01,21:59,21:57,21:56,21:54,21:52,21:50,21:48,21:47,21:45,21:43,21:42,21:41,21:36,21:35,21:32,21:31,21:29,21:28,21:26,21:23,21:21,21:19,21:16,21:15,21:13,21:11,21:10,21:08,21:06
251,251 廿日市,down,,,,,,,,22:15,22:14,22:12,22:10,22:09,22:07,22:05,22:03,22:01,22:00,21:58,21:56,21:55,21:54,21:49,21:48,21:45,21:44,21:42,21:41,21:39,21:36,21:34,21:32,21:29,21:28,21:26,21:24,21:23,21:21,21:19
253,253 宮島口,down,22:43,22:39,22:38,22:35,22:34,22:32,22:31,22:29,22:27,22:25,22:23,22:22,22:20,22:18,22:16,22:14,22:13,22:11,22:09,22:08,22:07,22:02,22:01,21:58,21:57,21:55,21:54,21:52,21:49,21:47,21:45,21:42,21:41,21:39,21:37,21:36,21:34,21:32
255,255 廿日市,down,,,,,,,,22:41,22:40,22:38,22:36,22:35,22:33,22:31,22:29,22:27,22:26,22:24,22:22,22:21,22:20,22:15,22:14,22:11,22:10,22:08,22:07,22:05,22:02,22:00,21:58,21:55,21:54,21:52,21:50,21:49,21:47,21:45
257,257 宮島口,down,23:11,23:07,23:06,23:03,23:02,23:00,22:59,22:57,22:55,22:53,22:51,22:50,22:48,22:46,22:44,22:42,22:41,22:39,22:37,22:36,22:35,22:29,22:28,22:25,22:24,22:22,22:21,22:19,22:16,22:14,22:12,22:09,22:08,22:06,22:04,22:03,22:01,21:59
259,259 廿日市,down,,,,,,,,23:11,23:10,23:08,23:06,23:05,23:03,23:01,22:59,22:57,22:56,22:54,22:52,22:51,22:50,22:44,22:43,22:40,22:39,22:37,22:36,22:34,22:31,22:29,22:27,22:24,22:23,22:21,22:19,22:18,22:16,22:14
261,261 宮島口,down,23:43,23:39,23:38,23:35,23:34,23:32,23:31,23:29,23:27,23:25,23:23,23:22,23:20,23:18,23:16,23:14,23:13,23:11,23:09,23:08,23:07,23:01,23:00,22:57,22:56,22:54,22:53,22:51,22:48,22:46,22:44,22:41,22:40,22:38,22:36,22:35,22:33,22:31
263,263 廿日市,down,,,,,,,,23:46,23:45,23:43,23:41,23:40,23:38,23:36,23:34,23:32,23:31,23:29,23:27,23:26,23:25,23:20,23:19,23:16,23:15,23:13,23:12,23:10,23:07,23:05,23:03,23:00,22:59,22:57,22:55,22:54,22:52,22:50
265,265 廿日市,down,,,,,,,,0:06,0:05,0:03,0:01,0:00,23:58,23:56,23:54,23:52,23:51,23:49,23:47,23:46,23:45,23:39,23:38,23:35,23:34,23:32,23:31,23:29,23:26,23:24,23:22,23:19,23:18,23:16,23:14,23:13,23:11,23:09
